都道府県,市町村,住所,緯度,経度,eNB-LCID,場所
愛媛県,今治市,鯉池町2丁目,34.05248201,132.9884032,"737377-10,11,12",今治市鯉池町2丁目
愛媛県,伊予郡松前町,鶴吉118,33.77844428,132.7420641,"737419-7,8,9",伊予郡松前町鶴吉118
愛媛県,伊予市,双海町高野川,33.70584351,132.6635346,"737421-6,7",伊予市双海町高野川
愛媛県,伊予市,下唐川甲356,33.7222331,132.7376591,"737408-1,2",伊予市下唐川甲356
愛媛県,喜多郡内子町,寺村930,33.56892465,132.7919573,わからん,喜多郡内子町寺村930
