都道府県,市町村,住所,緯度,経度,eNB-LCID,場所
愛媛県,東温市,志津川甲1293,33.80046545,132.8709655,東温市新規,東温市志津川甲1293
愛媛県,東温市,南方547-1,33.79904231,132.9095364,"737431-1,2,3",東温市南方547-1
