都道府県,市町村,住所,緯度,経度,eNB-LCID,場所
愛媛県,今治市,伯方町有津2270-4,34.20433105,133.094482,"737424-1,2,3",今治市伯方町有津2270-4
愛媛県,今治市,上浦町甘崎2206,34.23927013,133.050724,"737426-7,8,9",今治市上浦町甘崎2206
広島県,尾道市,瀬戸田町荻772,34.25929412,133.0927703,"603378-4,5,6",尾道市瀬戸田町荻772
愛媛県,越智郡上島町,生名454,34.26679228,133.1848995,"737400-7,8,9",越智郡上島町生名454
愛媛県,越智郡上島町,岩城4329,34.26930764,133.1468449,"7373430-4,5,6",越智郡上島町岩城4329
