,都道府県,市町村,住所,緯度,経度,eNB-LCID,場所
0,愛媛県,今治市,本町5丁目1-13,34.0727306,132.9983579,"737422-1,2,3",今治市本町5丁目1-13
1,愛媛県,今治市,菊間町佐方1437-2,34.05208287,132.8841492,"737420-6,7,8",今治市菊間町佐方1437-2
