都道府県,市町村,住所,緯度,経度,eNB-LCID,場所
愛媛県,喜多郡内子町,立山5011,33.59425087,132.6754305,"737413-9,10,11",喜多郡内子町立山5011
愛媛県,喜多郡内子町,平岡76,33.53278055,132.66001,"737419-1,2,3",喜多郡内子町平岡76
