,都道府県,市町村,住所,緯度,経度,eNB-LCID,場所
1,愛媛県,西条市,大町,33.905245,133.186261,"737411-7,8,9",西条市大町
2,愛媛県,西条市,氷見丙,33.8920307,133.1330712,"737414-1,2,3",西条市氷見丙
3,愛媛県,四国中央市,土居町上野,33.9471532,133.3912298,"737398-9,10,11",四国中央市土居町上野
4,愛媛県,四国中央市,豊岡町大町,33.9613672,133.4853126,"737403-1,2,3",四国中央市豊岡町大町
6,愛媛県,今治市,波方町波方1697-1,34.11804509,132.9537835,"737421-1,2,3",今治市波方町波方1697-1
