,場所,緯度,経度,eNB-LCID,pref,city,備考
3,西条市氷見丙,33.8920307,133.1330712,"737414-1,2,3",True,True,新規開局
4,四国中央市土居町上野,33.9471532,133.3912298,"737398-9,10,11",True,True,
5,四国中央市豊岡町大町,33.9613672,133.4853126,"737403-1,2,3",True,True,新規開局
