都道府県,市町村,住所,緯度,経度,eNB-LCID,場所
愛媛県,西条市,大町783-2,33.91366592,133.1887486,"737423-4,5,6",西条市大町783-2
愛媛県,新居浜市,宮原町8-34,33.93057327,133.3009715,"737423-10,11,12",新居浜市宮原町8-34
