,場所,緯度,経度,eNB-LCID,pref,city,備考
0,松山市古三津6丁目,33.85650251,132.7211284,"737283-4,5,6",True,True,
1,東温市上林,33.75296068,132.8858313,"737372-4,5",True,True,
2,伊予市本郡,33.74928401,132.6885372,"737338-9,10",True,True,
