都道府県,市町村,住所,緯度,経度,eNB-LCID,場所
愛媛県,今治市,鯉池町2丁目,34.05248201,132.9884032,"737377-10,11,12",今治市鯉池町2丁目
愛媛県,伊予郡松前町,鶴吉118,33.77844428,132.7420641,"737419-7,8,9",伊予郡松前町鶴吉118
